"","K-W chi-squared","df","p-value","significant (p<0.00555555555555556)"
"LENGTH",14.0748951141942,8,0.0798340685688292,0
"DEPTH",10.2107913211172,8,0.250541791638392,0
"WIDTH",10.2107913211172,8,0.250541791638392,0
"ROBUSTNESS",10.0843001378501,8,0.259158951942136,0
