"","K-W chi-squared","df","p-value","significant (p<0.01)"
"LENGTH",8.48854490926678,4,0.075235210371504,0
"WIDTH",5.29025343053727,4,0.258790717030464,0
"DEPTH",15.0659390571701,4,0.00456639100710672,1
"ROBUSTNESS",11.1551937665508,4,0.0248741188432155,0
