"","K-W chi-squared","df","p-value","significant (p<0.00625)"
"LENGTH",5.96219289362452,7,0.544170793441339,0
"WIDTH",5.18438020472745,7,0.637473702437635,0
