"","K-W chi-squared","df","p-value","significant (p<0.00625)"
"LENGTH",5.25212810546941,7,0.62922490503751,0
"WIDTH",33.099465110255,7,2.53703718570917e-05,1
